,city,country,latitude,temp,clouds,windspd,humidity
0,Tuktoyaktuk,CA,69.44,-7.6,40,6.93,76
1,Chuy,UY,-33.69,68.56,0,12.64,76
2,Port Hedland,AU,-20.31,80.6,7,8.05,19
3,Atuona,PF,-9.8,80.24,21,13.69,72
4,Gasa,BT,27.91,24.42,0,1.14,67
5,Port Alfred,ZA,-33.59,64.0,46,1.01,93
6,Guerrero Negro,MX,27.97,78.58,0,11.41,44
7,Vaini,TO,-21.2,73.4,40,10.29,83
8,Ahipara,NZ,-35.17,63.0,47,17.6,100
9,Puerto Leguizamo,CO,-0.19,81.59,100,3.13,91
10,Santo Antonio do Sudoeste,BR,-26.07,73.36,100,5.46,88
11,Namatanai,PG,-3.66,81.72,100,3.24,76
12,Busselton,AU,-33.64,60.01,0,15.08,48
13,Caravelas,BR,-17.73,75.0,92,8.9,83
14,Hobart,AU,-42.88,53.6,40,19.46,46
15,Yumen,CN,40.29,28.33,67,14.47,44
16,Praia da Vitoria,PT,38.73,62.6,90,16.75,72
17,Jamestown,SH,-15.94,68.94,82,16.13,76
18,Gimli,CA,50.63,28.0,98,11.01,67
19,Kholm-Zhirkovskiy,RU,55.52,36.46,0,10.67,84
20,Rikitea,PF,-23.12,71.04,5,22.24,79
21,Saskylakh,RU,71.97,-10.17,100,14.12,96
22,Kapaa,US,22.08,80.6,1,5.82,78
23,Avarua,CK,-21.21,78.8,0,12.75,78
24,Ribeira Grande,PT,38.52,62.6,75,12.75,72
25,Sokoto,NG,13.06,80.58,0,5.41,18
26,Inirida,CO,3.87,83.53,58,4.97,78
27,Bluff,NZ,-46.6,52.0,68,8.99,75
28,Provideniya,RU,64.42,23.0,20,35.79,73
29,Puerto Ayora,EC,-0.74,78.8,75,6.93,61
30,Amahai,ID,-3.31,78.39,31,7.02,70
31,Punta Arenas,CL,-53.16,59.0,90,6.93,87
32,Necochea,AR,-38.55,63.0,0,7.0,75
33,Bethel,US,60.79,10.4,40,24.16,78
34,Ladario,BR,-19.0,82.4,75,6.93,69
35,Bredasdorp,ZA,-34.53,66.2,12,3.36,93
36,Wuda,CN,39.5,39.34,11,18.72,21
37,Rio Gallegos,AR,-51.62,64.4,75,20.8,45
38,Ixtapa,MX,20.71,82.4,75,8.05,61
39,Chanika,TZ,-5.42,70.03,100,2.37,86
40,Buraydah,SA,26.33,66.2,40,6.93,77
41,Eureka,US,40.8,55.99,90,4.7,76
42,Clyde River,CA,70.47,17.6,75,23.04,85
43,Bathsheba,BB,13.22,84.2,75,18.34,70
44,Cape Town,ZA,-33.93,66.99,75,20.8,93
45,Palora,EC,-1.7,82.4,75,3.36,58
46,Barcelos,BR,-0.97,79.77,100,1.61,83
47,Mildura,AU,-34.18,52.0,40,5.82,81
48,Hasaki,JP,35.73,51.8,75,4.7,66
49,Iqaluit,CA,63.75,17.6,75,20.8,72
50,Ushuaia,AR,-54.81,55.4,75,4.7,58
51,Barrow,US,39.51,39.99,90,8.05,69
52,Dikson,RU,73.51,0.12,92,11.23,96
53,Tazovskiy,RU,67.47,-16.8,0,3.47,89
54,Narsaq,GL,60.91,33.8,90,27.51,86
55,Narasannapeta,IN,18.42,68.18,0,3.49,82
56,Maceio,BR,-9.67,82.4,40,13.87,65
57,Bambous Virieux,MU,-20.34,75.2,75,6.93,73
58,Qaanaaq,GL,77.48,12.29,100,5.14,57
59,Husavik,IS,66.04,23.0,40,4.7,79
60,Nanortalik,GL,60.14,35.92,100,36.37,68
61,Georgetown,SH,-7.93,74.66,55,18.01,76
62,Kenora,CA,49.76,26.6,100,19.46,73
63,Ostrovnoy,RU,68.05,34.54,100,11.77,97
64,Butaritari,KI,3.07,84.09,69,7.96,74
65,Ankazoabo,MG,-22.29,67.32,13,4.03,92
66,Nago,JP,26.59,68.0,20,11.41,64
67,Saint-Augustin,CA,45.63,28.99,75,16.11,73
68,Kilindoni,TZ,-7.91,81.43,0,11.43,76
69,Hithadhoo,MV,-0.6,82.27,95,7.52,78
70,Tura,RU,64.27,-19.79,100,2.55,97
71,Talcahuano,CL,-36.72,66.2,97,13.87,63
72,Saint-Philippe,RE,-21.36,75.2,75,18.34,73
73,Arlit,NE,18.74,76.24,0,7.16,14
74,Castro,CL,-42.48,55.4,90,16.11,100
75,Nouadhibou,MR,20.93,68.0,100,12.75,77
76,Zermatt,CH,46.02,46.4,100,24.16,49
77,Sestri Levante,IT,44.27,60.01,75,33.33,72
78,Mareeba,AU,-16.99,71.6,13,10.29,83
79,Wewak,PG,-3.55,76.32,17,4.25,86
80,Arraial do Cabo,BR,-22.97,73.4,75,12.75,94
81,Albany,AU,-35.02,57.2,90,11.41,76
82,Nemuro,JP,43.32,34.18,62,30.42,61
83,Springfield,US,39.8,37.0,90,6.93,74
84,Mar del Plata,AR,-46.43,75.58,48,19.84,29
85,Luderitz,NA,-26.65,68.0,0,14.99,68
86,Te Anau,NZ,-45.41,45.16,100,7.61,81
87,Kaitangata,NZ,-46.28,51.01,3,5.01,81
88,Wanning,CN,18.8,72.36,93,10.38,84
89,Meaford,CA,44.61,33.01,90,10.29,90
90,Inyonga,TZ,-6.72,73.29,85,4.65,64
91,Kavieng,PG,-2.57,83.07,75,2.15,70
92,Broome,AU,-17.97,82.4,93,5.79,83
93,Brae,GB,60.4,42.8,4,13.87,81
94,Rabo de Peixe,PT,37.8,62.6,75,5.82,72
95,Cap Malheureux,MU,-19.98,75.2,75,6.93,73
96,Esperance,AU,-33.86,59.0,90,8.05,82
97,Ankazobe,MG,-18.32,64.4,20,2.24,93
98,Kahului,US,20.89,84.2,20,4.7,51
99,Kenai,US,60.55,33.8,90,8.28,89
100,Roald,NO,62.58,35.6,40,9.17,80
101,Hermanus,ZA,-34.42,66.0,68,13.51,98
102,Port Elizabeth,ZA,-33.92,62.6,20,4.7,93
103,Parati,BR,-20.51,75.2,75,13.87,83
104,Nikolskoye,RU,59.7,48.99,90,8.95,93
105,Pavlovskiy,RU,45.07,46.4,0,11.18,75
106,Olinda,BR,-22.82,73.4,90,5.82,88
107,Thompson,CA,55.74,5.0,75,11.41,54
108,Zhigansk,RU,66.77,-17.52,82,10.6,93
109,Norman Wells,CA,65.28,-5.8,75,6.93,83
110,San Patricio,MX,19.22,89.6,40,11.41,62
111,Kruisfontein,ZA,-34.0,57.78,0,3.83,86
112,Port Lincoln,AU,-34.72,53.78,5,5.88,84
113,Fortuna,US,40.6,55.99,75,6.29,93
114,New Norfolk,AU,-42.78,53.6,40,17.22,63
115,Ialibu,PG,-6.28,61.18,97,0.87,97
116,Eqbaliyeh,IR,35.3,46.4,1,11.41,70
117,Upernavik,GL,72.79,20.3,83,2.46,76
118,Oranjestad,AW,12.52,86.0,20,14.99,70
119,Shimoda,JP,34.7,51.01,75,4.7,76
120,Ponta Delgada,PT,37.73,62.6,75,5.82,72
121,Morgantown,US,39.63,46.4,20,10.29,36
122,Ondjiva,AO,-17.07,75.22,97,14.81,62
123,Guane,CU,22.2,80.55,100,9.78,75
124,Ewa Beach,US,21.32,84.0,20,3.8,69
125,Winton,NZ,-46.14,54.0,98,10.0,68
126,Yellowknife,CA,62.45,-5.01,75,4.7,70
127,Kununurra,AU,-15.77,75.2,100,1.12,88
128,La Ronge,CA,55.1,12.2,75,9.17,66
129,Giroc,RO,45.69,55.4,90,2.24,100
130,Pevek,RU,69.7,19.69,100,10.36,59
131,Coahuayana,MX,18.62,84.61,57,2.51,53
132,Ponta do Sol,CV,17.2,77.0,40,11.41,65
133,Ben Tre,VN,10.24,75.43,93,6.04,84
134,Tiksi,RU,71.64,-13.9,0,2.04,97
135,Porto Novo,CV,17.02,77.0,40,11.41,65
136,Vostok,RU,46.45,1.78,100,17.47,59
137,Fairbanks,US,64.84,10.99,90,12.75,60
138,Mizoch,UA,50.4,46.99,100,9.22,91
139,Adra,IN,23.5,71.6,0,3.36,88
140,Moses Lake,US,47.13,44.6,90,8.05,70
141,Ndele,CF,8.41,77.94,66,0.29,38
142,Saint George,BM,32.38,69.01,75,14.99,77
143,Sungai Pelek,MY,2.64,77.0,20,9.78,94
144,Nome,US,30.04,48.2,90,7.7,93
145,Luena,AO,-11.78,66.42,100,4.59,84
146,Katsuura,JP,33.93,46.4,40,5.82,65
147,Tiznit,MA,29.7,55.9,100,2.8,77
148,Constantine,DZ,36.36,53.6,40,8.05,62
149,Oistins,BB,13.07,84.2,75,18.34,70
150,Kutum,SD,14.2,73.4,100,3.27,21
151,Klaksvik,FO,62.23,37.4,24,14.99,69
152,El Carmen de Bolivar,CO,9.72,81.0,100,5.68,85
153,Victoria,SC,-4.62,80.6,40,3.36,88
154,Butembo,CD,0.12,60.51,100,3.56,81
155,Vanimo,PG,-2.67,80.94,3,5.5,79
156,Torbay,CA,47.66,33.01,40,11.41,48
157,Komsomolskiy,RU,67.55,3.47,100,8.9,80
158,Hilo,US,19.71,82.99,1,3.36,54
159,Cabo San Lucas,MX,22.89,84.0,20,11.41,61
160,Matara,LK,5.95,74.93,100,4.07,90
161,Aklavik,CA,68.22,-7.6,90,5.82,83
162,Salinas,EC,0.49,60.8,75,10.29,72
163,East London,ZA,-33.02,68.05,82,11.45,87
164,Odienne,CI,9.51,75.02,100,1.97,81
165,Flin Flon,CA,54.77,12.2,40,9.17,56
166,Xuddur,SO,4.12,75.54,27,7.72,58
167,Denia,ES,38.84,55.99,0,3.0,54
168,Vysokogornyy,RU,50.1,-9.49,100,18.03,88
169,Grand Gaube,MU,-20.01,75.2,75,6.93,73
170,Pontianak,ID,-0.02,74.28,100,1.41,97
171,Okha,RU,53.59,11.64,97,15.08,88
172,Agirish,RU,61.92,6.62,100,10.54,90
173,Faanui,PF,-16.48,79.65,0,19.24,79
174,Khislavichi,RU,54.19,37.71,0,10.71,80
175,Lebu,CL,-37.62,64.06,100,5.84,65
176,Cidreira,BR,-30.17,71.73,47,21.27,88
177,San Ramon,BO,-13.27,89.6,75,11.41,62
178,Russell,NZ,-35.26,64.0,44,5.01,84
179,Seymchan,RU,62.93,-5.03,88,2.39,99
180,Hovd,MN,48.01,19.9,99,8.81,47
181,Longyearbyen,SJ,78.22,23.0,20,13.87,79
182,Ancud,CL,-41.87,55.4,90,16.11,100
183,Bubaque,GW,11.28,82.65,87,13.35,77
184,La Palma,PA,8.4,82.26,52,7.27,77
185,Paamiut,GL,61.99,32.9,97,42.55,96
186,Magistralnyy,RU,56.17,-3.42,100,1.34,96
187,Hofn,IS,64.25,36.16,0,8.01,57
188,Pangnirtung,CA,66.15,19.4,75,6.29,79
189,Virginia Beach,US,36.85,52.0,40,4.7,61
190,Jiuquan,CN,39.73,28.47,62,1.97,28
191,Muros,ES,42.77,55.0,20,13.87,70
192,Baneh,IR,35.99,48.2,0,5.82,61
193,Poum,NC,-20.23,74.88,61,19.35,70
194,Vila Franca do Campo,PT,37.72,62.6,75,5.82,72
195,Mount Gambier,AU,-37.83,51.8,90,8.05,87
196,Quatre Cocos,MU,-20.21,75.2,75,6.93,73
197,Tinskoy,RU,56.15,-1.59,100,3.89,89
198,Khandbari,NP,27.38,46.6,45,5.06,66
199,Grand-Santi,GF,4.27,85.6,96,1.68,55
200,Yulara,AU,-25.24,60.8,0,5.82,12
201,Puerto del Rosario,ES,28.5,69.8,40,23.04,73
202,Beira,MZ,-19.84,78.8,75,8.05,94
203,Jacobina,BR,-11.19,79.59,10,4.74,30
204,Marovoay,MG,-16.11,84.2,40,8.05,74
205,Camacha,PT,33.08,68.0,75,19.46,68
206,Bonavista,CA,48.65,30.99,38,5.99,65
207,Anadyr,RU,64.73,12.2,20,11.18,85
208,Orlik,RU,52.51,-4.2,83,2.08,91
209,Humberto de Campos,BR,-2.6,79.77,0,8.05,72
210,Dingle,IE,52.14,41.0,20,8.05,80
211,Rio Grande,BR,-32.03,84.2,20,8.05,51
212,Nuuk,GL,64.17,33.8,94,19.46,86
213,Peshkopi,AL,41.68,55.4,100,2.24,87
214,Aguimes,ES,27.91,69.8,75,21.92,68
215,Kedougou,SN,12.56,83.48,14,3.56,37
216,Kisangani,CD,0.52,70.25,77,2.04,98
217,Kouango,CF,4.99,74.5,99,2.66,84
218,Flinders,AU,-34.58,69.01,0,17.22,34
219,Leningradskiy,RU,69.38,16.79,69,12.19,84
220,Sitka,US,37.17,55.0,0,5.01,44
221,Mount Isa,AU,-20.73,69.8,0,8.05,13
222,Buala,SB,-8.15,82.26,100,1.81,73
223,Xiuyan,CN,40.29,26.49,10,6.11,88
224,Khandyga,RU,62.65,-9.72,100,4.05,98
225,Carnarvon,AU,-24.87,71.6,75,9.17,83
226,Saldanha,ZA,-33.01,64.4,0,18.34,88
227,Jalu,LY,29.03,59.38,0,6.53,27
228,Pucallpa,PE,-8.38,95.13,84,5.14,39
229,Muisne,EC,0.61,86.0,40,5.82,66
230,Marolambo,MG,-20.05,68.07,66,3.13,94
231,Saint-Louis,SN,16.03,75.2,100,4.7,64
232,Sarab,IR,38.61,41.47,0,2.42,43
233,Ryotsu,JP,38.08,42.8,90,1.12,93
234,Villefranche-de-Rouergue,FR,44.35,39.99,75,2.24,93
235,Ilulissat,GL,69.22,42.8,75,27.51,45
236,Lompoc,US,34.64,66.99,1,7.07,63
237,Hami,CN,42.84,28.96,0,2.86,66
238,Lyantonde,UG,-0.41,60.6,100,2.39,94
239,Samarai,PG,-10.62,76.71,15,2.39,88
240,Bilibino,RU,68.06,10.36,100,2.73,81
241,Tomatlan,MX,19.93,85.41,78,0.51,49
242,Mirabad,AF,30.44,53.6,0,5.66,29
243,Byron Bay,AU,-28.65,70.0,40,5.82,88
244,Matane,CA,48.83,27.0,75,12.75,42
245,Morant Bay,JM,17.88,86.0,75,13.87,70
246,Peace River,CA,56.23,23.0,90,10.29,79
247,Burns Lake,CA,54.23,36.9,100,2.98,83
248,Sao Gabriel da Cachoeira,BR,-0.13,86.0,75,13.87,74
249,Usogorsk,RU,63.43,33.26,100,7.56,95
250,Rocha,UY,-34.48,62.58,52,13.42,82
251,Aripuana,BR,-9.17,77.05,100,4.12,96
252,Waipawa,NZ,-39.94,57.0,0,11.99,71
253,Donskoye,RU,45.45,39.2,20,22.37,80
254,Isangel,VU,-19.55,71.6,75,18.07,83
255,Wigtown,GB,54.87,37.99,0,8.99,79
256,Walvis Bay,NA,-22.95,61.0,100,5.82,82
257,Bandarbeyla,SO,9.49,79.61,32,15.73,78
258,Bolshaya Glushitsa,RU,50.24,25.0,0,9.42,92
259,Tessalit,ML,20.2,67.66,0,5.95,14
260,Camalu,MX,30.85,79.92,11,9.51,29
261,Kieta,PG,-6.22,80.76,100,3.91,75
262,Cabra,PH,13.89,81.91,100,2.57,75
263,Rafaela,AR,-31.25,95.0,23,5.01,21
264,Padang,ID,-0.92,67.44,100,4.12,95
265,Tuim,RU,54.34,-1.16,100,1.21,97
266,Omsukchan,RU,62.53,-0.51,100,3.87,100
267,Chifeng,CN,42.27,15.96,10,4.05,83
268,Ambikapur,IN,23.12,58.64,0,1.57,63
269,Saint-Pierre,RE,-21.34,75.2,75,18.34,73
270,Mackay,AU,-21.15,75.99,30,3.36,88
271,Sibolga,ID,1.74,71.37,100,2.55,97
272,Champerico,GT,14.3,91.4,75,6.93,52
273,Tra Vinh,VN,9.93,75.43,93,6.04,84
274,Tasiilaq,GL,65.61,33.82,100,54.29,97
275,Hoquiam,US,46.98,55.99,40,6.93,93
276,Sioux Lookout,CA,50.1,19.4,90,11.41,85
277,Tuatapere,NZ,-46.13,52.0,99,8.99,75
278,Swindon,GB,51.56,41.0,90,9.17,100
279,Yuksekova,TR,37.57,35.6,20,4.7,74
280,Sao Filipe,CV,14.9,73.15,100,16.96,81
281,Kyra,RU,49.58,-4.0,0,3.22,86
282,Pisco,PE,-13.71,71.6,90,6.93,30
283,Makakilo City,US,21.35,84.0,1,4.7,78
284,Hualmay,PE,-11.1,69.84,18,8.77,64
285,Collie,AU,-33.36,60.01,4,11.97,48
286,Berlevag,NO,70.86,30.2,75,2.24,92
287,Jacareacanga,BR,-6.22,77.0,75,2.24,88
288,Palana,RU,59.08,29.8,0,23.22,71
289,Opuwo,NA,-18.06,75.54,94,7.36,19
290,Lavrentiya,RU,65.58,23.22,0,39.08,71
291,Khatanga,RU,71.98,-13.92,99,12.41,97
292,Laem Sing,TH,12.48,75.04,83,14.97,83
293,Merritt Island,US,28.54,78.8,90,9.17,74
294,Naze,JP,28.37,64.4,75,12.75,68
295,Tindivanam,IN,12.23,74.5,90,6.33,92
296,Chokurdakh,RU,70.62,-1.7,94,1.03,97
297,Labuhan,ID,-2.54,70.9,100,1.95,96
298,Izhma,RU,65.01,19.56,100,11.59,93
299,Dornoch,GB,57.88,43.0,20,19.46,81
300,Chiang Khong,TH,20.26,69.8,0,1.34,100
301,Onega,RU,63.91,37.15,100,12.77,97
302,Constitucion,MX,23.99,61.0,5,6.93,38
303,Benguela,AO,-12.58,79.59,73,4.43,77
304,Shelburne,CA,44.08,32.0,90,6.93,80
305,Poshekhonye,RU,58.5,36.86,0,10.02,80
306,Pleshanovo,RU,57.46,48.2,100,8.95,93
307,Blagoyevo,RU,63.37,33.39,100,6.64,95
308,Lawton,US,34.61,57.0,1,21.92,50
309,San Cristobal,EC,-1.02,87.08,89,2.08,50
310,Sijunjung,ID,-0.69,69.67,100,0.47,98
311,Severomorsk,RU,69.07,26.6,75,2.84,100
312,Urucui,BR,-7.23,89.62,25,3.87,27
313,Tommot,RU,58.97,-16.17,100,7.25,97
314,Almaznyy,RU,48.03,42.8,0,26.84,75
315,Tabou,CI,4.42,76.96,100,2.68,89
316,Ucluelet,CA,48.94,55.4,90,3.36,76
317,Izhevskoye,RU,54.56,33.26,24,8.66,90
318,Novonukutskiy,RU,53.7,6.48,100,2.57,76
319,Roros,NO,62.57,19.4,90,5.82,92
320,Lexington Park,US,38.26,48.2,75,5.82,60
321,Cajazeiras,BR,-6.89,86.09,18,4.45,25
322,Poltar,SK,48.43,44.6,75,3.36,93
323,Mocuba,MZ,-16.84,78.12,92,3.94,82
324,Khuzdar,PK,27.8,52.07,51,4.03,68
325,Nantucket,US,41.28,45.0,90,9.17,60
326,Seminole,US,32.72,52.0,1,12.75,47
327,Bima,ID,-8.45,70.52,51,2.44,94
328,Meulaboh,ID,4.14,80.91,100,5.48,80
329,Novyy Urengoy,RU,66.08,-13.22,23,3.69,99
330,Bom Jesus,BR,-9.08,86.27,1,2.3,27
331,Nizwa,OM,22.93,61.38,0,2.42,43
332,Okmulgee,US,35.62,54.0,1,12.75,69
333,Zhangjiakou,CN,40.77,25.25,28,2.28,56
334,Cocobeach,GA,1.01,80.6,40,3.36,88
335,Kaeo,NZ,-35.1,64.0,68,13.24,100
336,Brodokalmak,RU,55.57,6.8,75,4.47,84
337,Viedma,AR,-40.81,71.15,94,6.17,31
338,Sao Felix do Xingu,BR,-6.64,80.53,100,1.05,80
339,Cherskiy,RU,68.75,14.88,100,5.66,77
340,Marrakesh,MA,31.63,62.6,40,6.93,55
341,Manicore,BR,-5.81,87.8,20,3.36,66
342,Great Yarmouth,GB,52.61,43.0,20,4.0,100
343,Tarakan,ID,3.3,80.73,99,5.86,78
344,Adre,TD,13.47,77.45,87,7.74,15
345,Ulladulla,AU,-35.36,68.0,55,17.22,34
346,Grindavik,IS,63.84,30.2,99,12.75,68
347,Maumere,ID,-8.63,77.14,0,4.07,50
348,Mnogovershinnyy,RU,53.94,17.94,100,3.24,96
349,Cervo,ES,43.67,52.0,100,8.99,27
350,Rawson,AR,-43.3,60.6,45,17.76,58
351,Ayna,PE,-12.72,78.8,75,4.7,24
352,Rio Claro,BR,-22.41,78.8,40,11.41,69
353,Ayr,AU,-19.58,70.0,18,9.19,87
354,Lagoa,PT,37.14,55.99,20,12.75,71
355,Zyryanka,RU,65.73,-5.04,90,4.61,99
356,Marsh Harbour,BS,26.54,78.13,100,17.22,79
357,Alanya,TR,36.55,64.4,40,3.36,72
358,Qaqortoq,GL,60.72,33.8,90,27.51,86
359,Zhangzhou,CN,24.51,62.6,90,13.42,63
360,Basco,PH,20.45,77.38,100,31.54,79
361,Arica,CL,-18.48,71.6,40,16.11,64
362,Ambilobe,MG,-13.19,77.13,95,7.02,85
363,Haines Junction,CA,60.75,22.96,100,7.52,95
364,Farafangana,MG,-22.82,78.1,99,22.88,86
365,Buri,BR,-23.8,70.84,100,6.62,93
366,Xai-Xai,MZ,-25.04,70.47,100,4.65,95
367,Male,MV,4.17,84.2,75,10.29,74
368,Santa Isabel,MX,32.63,78.8,20,3.36,22
369,Souillac,MU,-20.52,75.2,75,6.93,73
370,Kodiak,US,39.95,43.0,1,12.75,41
371,Guatire,VE,10.47,79.0,75,1.99,65
372,Thunder Bay,CA,48.41,28.99,75,16.11,53
373,Lorengau,PG,-2.02,82.24,68,7.09,75
374,Omboue,GA,-1.57,74.91,100,0.98,95
375,Puerto Colombia,CO,10.99,87.8,40,5.82,70
376,Cayenne,GF,4.94,89.6,0,10.29,55
377,College,US,64.86,10.99,90,12.75,60
378,Road Town,VG,18.42,84.2,40,8.05,66
379,Miquelon,PM,47.1,33.8,75,8.05,64
380,Tricase,IT,39.93,55.99,5,5.82,93
381,Stettler,CA,52.32,30.0,87,8.01,90
382,Bonthe,SL,7.53,79.47,100,6.51,86
383,Erenhot,CN,43.65,27.52,0,2.51,45
384,Lianga,PH,8.63,71.67,32,1.32,99
385,Alyangula,AU,-13.85,68.0,13,6.51,94
386,Surt,LY,31.21,63.5,0,6.98,33
387,Scarborough,GB,54.28,45.0,100,16.11,100
388,Kasama,ZM,-10.21,72.01,97,3.96,60
389,Nizhniy Kuranakh,RU,58.84,-16.1,100,4.16,97
390,Waitati,NZ,-45.75,55.99,14,10.0,74
391,Dunedin,NZ,-45.87,55.99,14,8.99,75
392,Baykit,RU,61.68,-20.96,100,3.4,95
393,Novopokrovka,RU,45.85,11.64,0,10.56,40
394,Kawalu,ID,-7.38,68.31,100,1.7,76
395,Talnakh,RU,69.49,-27.4,66,2.24,74
396,Mahebourg,MU,-20.41,75.2,75,6.93,73
397,Poya,NC,-21.35,71.73,0,3.6,68
398,Sistranda,NO,63.73,37.99,20,11.41,80
399,Port-Cartier,CA,50.03,28.0,90,10.29,53
400,Griffith,AU,-34.29,50.0,53,4.7,76
401,Vanderhoof,CA,54.02,38.3,100,3.96,83
402,Pemberton,CA,50.32,45.0,97,1.92,85
403,Half Moon Bay,US,37.46,68.0,75,6.93,72
404,Stokmarknes,NO,68.56,35.6,75,4.7,94
405,Baturaja,ID,-4.12,72.12,100,1.72,94
406,Arman,RU,59.7,32.32,86,36.55,71
407,Port Augusta,AU,-32.49,51.8,0,4.7,81
408,Severo-Kurilsk,RU,50.68,31.91,97,6.49,92
409,Chivasso,IT,45.19,45.0,90,11.41,93
410,Kholodnyy,RU,62.72,-5.75,0,6.8,98
411,Iskateley,RU,67.68,18.12,100,17.18,92
412,Pokrovskoye,RU,47.41,44.29,0,21.12,63
413,Prachuap Khiri Khan,TH,11.81,79.5,84,10.71,80
414,Chicla,PE,-11.71,42.19,99,8.97,93
415,Tabory,RU,64.46,35.6,90,6.71,100
416,Yarensk,RU,62.17,33.37,100,8.39,88
417,Great Bend,US,38.36,52.0,1,10.29,39
418,Brufut,GM,13.38,80.6,77,4.7,69
419,Seydi,TM,39.48,39.25,1,5.01,20
420,Polyarnyy,RU,69.2,26.6,75,2.84,100
421,Smithers,CA,54.78,41.0,75,8.05,80
422,Phalombe,MW,-15.81,77.95,100,3.83,49
423,Saint-Joseph,RE,-21.37,75.2,75,18.34,73
424,Gilbues,BR,-9.83,87.67,21,2.26,23
425,Bodden Town,KY,19.28,87.8,75,11.41,74
426,Takoradi,GH,4.89,80.6,90,7.47,80
427,Banda Aceh,ID,5.56,73.2,100,3.11,93
428,Xam Nua,LA,20.42,54.09,1,1.52,98
429,Bouna,CI,9.27,81.32,3,2.24,36
430,Hornepayne,CA,49.22,23.72,100,14.09,84
431,Rundu,NA,-17.91,86.0,99,3.36,37
432,Tahta,EG,26.77,78.8,0,8.05,34
433,Oytal,KZ,42.91,42.8,100,3.29,36
434,Amuntai,ID,-2.42,70.9,100,1.95,96
435,Atar,MR,20.52,75.25,75,3.67,11
436,Manzanillo,MX,19.05,89.6,40,11.41,62
437,Sibenik,HR,45.81,41.09,1,1.83,90
438,Sur,OM,22.57,73.06,0,7.87,42
439,Fare,PF,-16.7,79.75,0,18.7,78
440,Guerrero,MX,19.43,66.18,54,7.74,40
441,Molina,CL,-35.11,88.0,2,11.41,22
442,Huarmey,PE,-10.07,71.94,45,8.23,60
443,Cabedelo,BR,-6.97,84.2,40,14.99,62
444,Hobyo,SO,5.35,79.38,55,14.92,80
445,Calama,CL,-22.46,80.01,0,26.4,9
446,Riachao do Jacuipe,BR,-11.81,82.89,47,16.06,51
447,San Francisco Menendez,SV,13.84,86.0,20,8.05,48
448,Sainte-Rose,RE,-21.13,75.2,90,17.22,83
449,Cody,US,44.53,48.99,1,13.87,69
450,Segou,ML,13.43,82.49,0,7.11,19
451,Karratha,AU,-20.74,79.7,0,18.41,53
452,Machico,PT,32.7,68.0,75,20.8,56
453,Port Macquarie,AU,-31.43,57.0,90,4.7,81
454,Mayo,CA,63.59,10.4,90,13.87,78
455,Libertador General San Martin,AR,-23.81,86.27,0,4.09,25
456,Koronowo,PL,53.31,41.0,90,11.41,93
457,Gamba,GA,-2.72,78.13,80,2.48,87
458,Thinadhoo,MV,0.53,82.4,74,7.54,77
459,Aasiaat,GL,68.71,40.08,100,28.99,49
460,Cedral,MX,23.82,64.22,0,7.58,29
461,Maryville,US,40.35,42.8,1,10.29,44
462,Beaverlodge,CA,55.21,23.0,90,3.36,100
463,Kloulklubed,PW,7.04,75.2,40,7.31,94
464,Nara,ML,15.17,79.72,0,8.99,18
465,Namibe,AO,-15.19,72.39,18,12.93,81
466,Salalah,OM,17.01,78.8,20,6.93,69
467,Fort Nelson,CA,58.81,5.0,90,5.82,77
468,Muzhi,RU,65.4,-9.92,91,4.92,96
469,Oum Hadjer,TD,13.3,82.26,0,4.34,14
470,Uarini,BR,-2.98,87.8,20,3.36,70
471,Sobolevo,RU,54.43,37.02,0,10.83,83
472,Teya,RU,60.37,-16.13,96,3.29,99
473,Kalianget,ID,-7.35,69.53,100,1.5,96
474,Kaseda,JP,31.42,44.01,20,1.12,86
475,North Bend,US,43.41,53.01,90,3.36,93
476,Umm Lajj,SA,25.02,78.48,0,1.79,57
477,Weligama,LK,5.97,74.93,100,4.07,90
478,Ciudad Guayana,VE,8.32,82.29,36,3.22,85
479,Matamoros,MX,25.53,68.0,20,4.68,52
480,Obo,CF,5.39,72.03,99,2.95,86
481,Yarim,YE,14.3,51.04,51,7.76,48
482,Havelock,US,34.88,59.0,1,11.41,71
483,Xining,CN,36.62,30.97,69,4.41,29
484,Whitehorse,CA,60.72,28.0,90,2.24,92
485,Redcar,GB,54.62,45.0,40,19.46,87
486,Ahvaz,IR,31.32,62.6,0,1.21,55
487,Kristiansund,NO,63.12,33.8,75,6.93,74
488,Rognan,NO,67.1,32.0,20,4.7,92
489,Little Current,CA,45.98,30.99,100,16.53,87
490,Manggar,ID,-2.88,83.05,100,0.25,66
491,Jertih,MY,5.74,77.0,75,6.93,94
492,Huntington,US,40.87,46.99,75,3.36,39
493,Cotacachi,EC,0.3,69.8,40,16.11,60
494,Hambantota,LK,6.12,80.24,100,12.41,81
495,Baft,IR,29.23,36.77,0,1.5,15
496,Cortez,US,37.35,55.0,1,8.05,25
497,Bela Vista,BR,-22.11,80.67,100,2.64,77
498,The Valley,AI,18.22,84.99,20,12.75,62
499,Dalhousie,CA,48.06,26.6,40,11.41,45
500,Filandia,CO,4.68,80.6,40,4.7,78
501,Touros,BR,-5.2,84.2,20,12.75,54
502,Boo,SE,59.33,41.0,75,4.7,100
503,San Ignacio,BZ,17.16,87.01,40,4.7,69
504,Sterling,US,39.0,44.01,1,5.82,44
505,Hauterive,CA,49.18,27.0,20,16.11,53
506,Belaya Gora,RU,68.54,-9.33,89,1.61,98
507,Belmonte,BR,-26.84,73.99,35,5.48,99
508,Westport,IE,53.8,42.01,40,12.75,82
509,Victor Harbor,AU,-35.55,59.0,75,14.99,62
510,Fonte Boa,BR,-2.51,87.82,100,1.16,72
511,Harstad,NO,68.8,35.6,75,13.87,92
512,Boa Vista,BR,2.82,95.0,75,11.41,39
513,Reitz,ZA,-27.8,47.86,0,7.0,82
514,Vestmannaeyjar,IS,63.44,40.62,89,17.31,62
515,Havre-Saint-Pierre,CA,50.23,24.8,75,5.82,68
516,Nuevo Progreso,MX,17.14,77.32,11,7.96,78
517,Dolgoye,RU,52.06,36.5,4,11.9,76
518,Bintulu,MY,3.17,78.8,75,2.24,88
519,Gamboma,CG,-1.87,75.7,100,2.57,79
520,Bambanglipuro,ID,-7.95,74.23,100,5.57,91
521,Sarkand,KZ,45.41,33.24,99,2.26,43
